#Varázslatok;;;;;;;;;;;;
Id;Név;Szint;Manna;Leírás;Célzás;Hatótáv;Terület;Látóvonal;HasználatiMód;BecsapódásSzín;BecsapódásIdőMs;CsakEllenség
D001;Árnyéktű;1;6;Sötét erőből szőtt lövedék amely könyörtelenül követi áldozatát.;Enemy;8;0;igen;Combat;Shadow;900;igen
D002;Dermesztő átok;1;5;Síri hideggel marja és lassítja meg a közeli áldozatot.;Enemy;1;0;igen;Combat;SicklyGreen;1300;igen
D003;Pokoli lehelet;1;8;Alvilági lángok tölcsére perzseli fel a varázshasználó előtti területet.;Direction;2;1;igen;Combat;BloodRed;2400;igen
D004;Kárhozat nyila;1;7;Átkozott tűznyíl amely tovább emészti a célpont testét.;Enemy;8;0;igen;Combat;Purple;1200;igen
D005;Árnyékpajzs;1;6;Sűrű árnyékmező óvja rövid időre a varázshasználót.;Self;0;0;nem;Combat;Shadow;1100;igen
D006;Vérvillám;2;12;Bíbor villám tépi fel egyetlen áldozat életerejét.;Enemy;6;0;igen;Combat;BloodRed;700;igen
D007;Fekete bilincs;2;11;Élő árnyékok béklyózzák meg és akasztják meg az áldozat mozdulatait.;Enemy;8;0;igen;Combat;Shadow;2100;igen
D008;Pokoltűzgömb;3;18;Robbanó pokoltűz borítja lángba a célterületet.;Area;8;2;igen;Combat;BloodRed;3200;igen
D009;Dögvészvihar;3;18;Mérgező zöld vihar sebzi és lassítja a terület áldozatait.;Area;8;2;igen;Combat;SicklyGreen;3700;igen
D010;Rémület hulláma;3;15;Sötét látomások bénítják meg és bizonytalanítják el a közel állókat.;Area;7;1;igen;Combat;Purple;3500;igen
D011;Kárhozatvihar;4;26;Tartós sötét villámvihar emészti a teljes célterületet.;Area;8;2;igen;Combat;Purple;4000;igen
D012;Léleklánc;4;28;Áldozatról áldozatra ugró fekete energia tépi ki az életerőt.;Enemy;8;0;igen;Combat;Shadow;2800;igen
D013;Vérbástya;3;18;Vérrel táplált oltalom védi a varázshasználó szövetségeseit.;Party;0;0;nem;Combat;BloodRed;0;igen
D014;Sötét litánia;3;14;Baljós ima fokozza a szövetségesek harci erejét és gyorsaságát.;Party;0;0;nem;Combat;Purple;0;igen
D015;Véráldozat;4;30;Tiltott rítus egyszerre tölti fel a teljes ellenséges csapat életerejét.;Party;0;0;nem;Combat;BloodRed;0;igen
D016;Fekete nap;5;50;Mindenséget elemésztő sötétség és kaotikus energia söpör végig a területen.;Area;10;4;igen;Combat;Shadow;5200;igen
D017;Vérgyógyítás;2;11;Tiltott vérmágia állítja helyre egy szövetséges életerejét.;PartyMember;6;0;igen;Combat;BloodRed;0;igen
P001;Gyógyító érintés;1;5;Érintéssel gyógyít 2d8 plusz Intelligencia plusz karakterszint HP-t.;PartyMember;1;0;igen;Both;YellowBrown;0;
P002;Szent fény;1;6;Szent fényt lő egy ellenfélre amely élőholt és démoni célpont ellen másfélszeres sebzést okoz.;Enemy;8;0;igen;Both;YellowBrown;800;
P003;Áldás;1;8;Négy körre találatot védelmet és kezdeményezést ad minden élő part tagnak.;Party;0;0;nem;Both;YellowBrown;0;
P004;Szent pajzs;2;10;Négy körre öt pont védelmet ad egy élő part tagnak.;PartyMember;6;0;igen;Both;YellowBrown;0;
P005;Gyógyítás;2;11;Hat mezőről nagy mennyiségű életerőt állít vissza egy élő part tagnak.;PartyMember;6;0;igen;Both;YellowBrown;0;
P006;Méregűzés;1;5;Eltávolítja a Mérgezés állapotot egy élő part tagjáról.;PartyMember;6;0;igen;Both;YellowBrown;0;
P007;Védelem a gonosztól;2;12;Öt körre védelmet és sebzéscsökkentést ad élőholt vagy démoni támadó ellen.;PartyMember;6;0;igen;Both;YellowBrown;0;
P008;Feltámasztás;4;30;Egy elesett társat huszonöt százalék HP-val és nulla mannával hoz vissza.;Corpse;6;0;igen;Both;YellowBrown;0;
P009;Szent csapás;3;17;Súlyos szent sebzést okoz és rontott ellenpróbánál elveszi a következő ellenséges akciót.;Enemy;8;0;igen;Both;YellowBrown;1400;
P010;Isteni védelem;3;18;Négy körre védelmet és huszonöt százalék fizikai sebzéscsökkentést ad a teljes partinak.;Party;0;0;nem;Both;YellowBrown;0;
P011;Szent ítélet;4;28;Nagy szent sebzést okoz és rontott ellenpróbánál eltávolítja a pozitív varázshatásokat.;Enemy;8;0;igen;Both;YellowBrown;3200;
P012;Isteni csoda;5;45;Maximumra gyógyítja és minden súlyos állapottól megtisztítja a teljes élő partit.;Party;0;0;nem;Both;YellowBrown;0;
P013;Betegségűzés;2;10;Eltávolítja a Betegség állapotot és visszaállítja a normál erőforrásmaximumokat.;PartyMember;6;0;igen;Both;YellowBrown;0;
P014;Megtisztítás;3;15;Eltávolítja a Mérgezés Betegség és Vérzés állapotot majd gyógyítja a célpontot.;PartyMember;6;0;igen;Both;YellowBrown;0;
P015;Bátorság imája;3;14;Öt körre találatot fizikai sebzést és kezdeményezést ad a teljes partinak.;Party;0;0;nem;Both;YellowBrown;0;
P016;Őrangyal;4;26;Öt körig kivédi a célpont első halálos csapását majd gyógyítja őt.;PartyMember;6;0;igen;Both;YellowBrown;0;
P017;Tömeges gyógyítás;4;30;Minden élő part tagnak egyszerre nagy mennyiségű életerőt állít vissza.;Party;0;0;nem;Both;YellowBrown;0;
P018;Isteni harag;5;46;Hatalmas területi szent sebzést okoz minden ellenségnek de a partit nem sebzi.;Area;8;3;igen;Both;YellowBrown;4000;
P019;Szentély;5;38;Négy körre felére csökkenti a közeli part tagokat érő sebzést és állapotvédelmet ad.;Self;0;3;nem;Both;YellowBrown;0;
P020;Igazi feltámasztás;5;50;Egy elesett társat teljes HP-val fél mannával és negatív állapotok nélkül hoz vissza.;Corpse;8;0;igen;Both;YellowBrown;0;
P021;Étel és ital teremtése;1;6;Mennyei útravalót és tiszta vizet teremt amely az egész parti szükségleteit enyhíti.;Party;0;0;nem;Exploration;YellowBrown;0;
P022;Remény imája;2;12;Szelíd isteni erő gyógyítja egyszerre a teljes élő partit.;Party;0;0;nem;Both;YellowBrown;0;
P023;Szent fegyver;3;16;Áldott erő teszi pontosabbá és pusztítóbbá a teljes parti fegyvereit.;Party;0;0;nem;Both;YellowBrown;0;
P024;Égi bástya;4;27;Mennyei oltalom növeli a teljes parti védelmét és csökkenti a fizikai sérüléseket.;Party;0;0;nem;Both;YellowBrown;0;
P025;Mennyei tűz;5;45;Tiszta égi láng borítja el az ellenségeket és tovább perzseli őket.;Area;9;3;igen;Both;Red;4500;
P026;Fegyveráldás;1;6;A pap rövid időre szent erővel áldja meg saját fegyverét amely pontosabban és nagyobb erővel sújt le.;Self;0;0;nem;Both;YellowBrown;0;
P027;Átoktörés;2;11;Isteni erő töri meg az egy partitagot sújtó káros mágikus hatásokat és annak legerősebb aktív tárgyátkát.;PartyMember;6;0;igen;Both;YellowBrown;0;
P028;Fénykitörés;3;16;Robbanásszerű szent fény sújtja a célterület ellenségeit és megrendítheti őket.;Area;7;1;igen;Both;YellowBrown;2400;
S001;Mágikus lövedék;1;6;Biztosan célba találó arkán lövedék amely a varázsló erejével növekszik.;Enemy;8;0;igen;Both;Blue;700;
S002;Fagyasztó érintés;1;5;Fagyos közelharci varázslat amely megsebzi és lelassítja az ellenfelet.;Enemy;1;0;igen;Both;Blue;1200;
S003;Égő kéz;1;8;Rövid lángtölcsér amely több ellenfelet megsebezhet és lángra lobbanthat.;Direction;2;1;igen;Both;Red;2200;
S004;Villámcsapás;2;12;Egyetlen célpontba vezetett nagy erejű villámcsapás.;Enemy;6;0;igen;Both;YellowBrown;500;
S005;Lángoló nyíl;1;7;Nagy hatótávú tűznyíl amely találatkor égést okoz.;Enemy;8;0;igen;Both;Red;1000;
S006;Láthatatlanság;2;11;Egy partitag eltűnik az ellenfelek szeme elől amíg támadást nem indít.;PartyMember;6;0;igen;Both;Blue;0;
S007;Tűzgolyó;3;18;Nagy területen robbanó tűzgömb amely égő sebeket hagy maga után.;Area;8;2;igen;Both;Red;3000;
S008;Jégvihar;3;18;Fagyos vihar amely megsebzi és több körre lelassítja az ellenfeleket.;Area;8;2;igen;Both;Blue;3600;
S009;Villámvihar;4;26;Tartós villámvihar amely a kezdeti csapás után tovább sebzi az ellenfeleket.;Area;8;2;igen;Both;YellowBrown;3800;
S010;Teleportáció;3;14;A varázsló egy már felfedezett szabad mezőre teleportál.;Cell;8;0;nem;Both;Blue;0;
S011;Meteorzápor;4;30;Meteorok pusztítják el a célterületet és égő talajt hagynak hátra.;Area;10;3;igen;Both;Red;4700;
S012;Időmegállítás;5;42;A mágus rövid időre megállítja környezetét és két további akciót kap.;Self;0;0;nem;Combat;Blue;0;
S013;Arkán páncél;2;10;Mágikus védőréteg amely rövid időre erős védelmet ad.;Self;0;0;nem;Both;Blue;0;
S014;Lassítás;2;12;Megzavarja az ellenfél időérzékét és minden második akcióját elveheti.;Enemy;8;0;igen;Both;Blue;1600;
S015;Mágia szétoszlatása;3;16;Megszünteti a célterületen működő ideiglenes mágikus hatásokat.;Area;6;1;igen;Both;Blue;0;
S016;Láncvillám;4;28;A villám az első célpontról legfeljebb három közeli ellenfélre ugrik.;Enemy;8;0;igen;Both;YellowBrown;2600;
S017;Kőbőr;4;24;Egy partitag kőkemény bőrt kap amely felezi a fizikai sérülést és megakadályozza a vérzést.;PartyMember;6;0;igen;Both;Blue;0;
S018;Dezintegráció;5;40;Elsöprő sugár amely súlyosan sebzi és a legyengült ellenfelet elpusztíthatja.;Enemy;8;0;igen;Both;Red;2800;
S019;Dimenziókapu;5;32;A teljes élő parti egy távoli felfedezett területre teleportál.;Cell;10;0;nem;Both;Blue;0;
S020;Arkán kataklizma;5;50;Hatalmas területi pusztítás amely véletlen elemi utóhatást kelt.;Area;10;4;igen;Both;Blue;5000;
S021;Erőpajzs;1;6;Sűrű arkán mező amely hosszú időre megerősíti a mágus védelmét.;Self;0;0;nem;Both;Blue;0;
S022;Jégbilincs;2;11;Fagyos bilincsek lassítják az ellenfelet és megakasztják minden második mozdulatát.;Enemy;8;0;igen;Both;Blue;2000;
S023;Hasadó villám;3;18;Egy villámív több egymáshoz közeli ellenfélen is végigfut.;Enemy;8;0;igen;Both;YellowBrown;1800;
S024;Harci gyorsítás;4;25;Felgyorsítja a teljes partit és pontosabbá teszi a támadásaikat.;Party;0;0;nem;Both;Blue;0;
S025;Lélekvihar;5;44;Sötét arkán vihar tépi az ellenfeleket és még több körön át pusztítja őket.;Area;9;3;igen;Both;Red;4200;
S026;Fényvarázslat;1;6;Arkán fény veszi körül a mágust és messzebbre tárja fel előtte a labirintust.;Self;0;0;nem;Exploration;Blue;0;
S027;Vakítás;2;11;Vakító arkán villanás homályosítja el az ellenfél látását és jelentősen rontja a támadásainak pontosságát.;Enemy;8;0;igen;Both;YellowBrown;600;
S028;Rémkép;3;15;Rémisztő látomásokat idéz az ellenségek elméjébe amelyek megtorpannak és bizonytalanabbul támadnak.;Area;7;1;igen;Both;Blue;3400;
